state,year,crop,yield_bu_acre
ALABAMA,2010,CORN,99.3780487804878
ALABAMA,2010,SOYBEANS,24.608333333333334
ALABAMA,2011,CORN,96.81162790697674
ALABAMA,2011,SOYBEANS,30.659999999999997
ALABAMA,2012,CORN,105.47954545454546
ALABAMA,2012,SOYBEANS,43.71764705882353
ALABAMA,2013,CORN,128.102
ALABAMA,2013,SOYBEANS,41.60666666666667
ALABAMA,2014,CORN,140.5595238095238
ALABAMA,2014,SOYBEANS,38.595652173913045
ALABAMA,2015,CORN,137.04848484848486
ALABAMA,2015,SOYBEANS,37.66
ALABAMA,2016,CORN,119.36341463414634
ALABAMA,2016,SOYBEANS,32.223076923076924
ALABAMA,2017,CORN,153.13658536585368
ALABAMA,2017,SOYBEANS,43.26470588235294
ALABAMA,2018,CORN,147.1970588235294
ALABAMA,2018,SOYBEANS,39.44642857142857
ALABAMA,2019,CORN,135.78857142857143
ALABAMA,2019,SOYBEANS,35.00714285714286
ALABAMA,2020,CORN,143.98333333333335
ALABAMA,2020,SOYBEANS,41.351851851851855
ALABAMA,2021,CORN,157.1
ALABAMA,2021,SOYBEANS,44.888000000000005
ALABAMA,2022,CORN,118.75294117647059
ALABAMA,2022,SOYBEANS,41.608000000000004
ALABAMA,2023,CORN,156.6236842105263
ALABAMA,2023,SOYBEANS,41.917857142857144
ALABAMA,2024,CORN,109.26666666666667
ALABAMA,2024,SOYBEANS,33.412
ARIZONA,2010,WHEAT,104.61666666666667
ARIZONA,2011,WHEAT,93.04
ARIZONA,2013,WHEAT,98.08
ARIZONA,2015,WHEAT,100.38571428571429
ARIZONA,2016,WHEAT,99.06666666666666
ARIZONA,2017,WHEAT,103.3
ARIZONA,2018,WHEAT,104.92
ARIZONA,2020,WHEAT,94.83333333333333
ARIZONA,2021,WHEAT,81.32000000000001
ARIZONA,2022,WHEAT,113.28
ARIZONA,2023,WHEAT,90.3
ARIZONA,2025,WHEAT,114.96666666666665
ARKANSAS,2010,CORN,143.44358974358974
ARKANSAS,2010,SOYBEANS,30.398058252427184
ARKANSAS,2010,WHEAT,52.96071428571429
ARKANSAS,2011,CORN,130.621875
ARKANSAS,2011,SOYBEANS,32.9054347826087
ARKANSAS,2011,WHEAT,54.15483870967742
ARKANSAS,2012,CORN,165.72903225806454
ARKANSAS,2012,SOYBEANS,37.78133333333333
ARKANSAS,2012,WHEAT,52.49310344827586
ARKANSAS,2013,CORN,176.39615384615385
ARKANSAS,2013,SOYBEANS,38.699999999999996
ARKANSAS,2013,WHEAT,59.986666666666665
ARKANSAS,2014,CORN,179.553125
ARKANSAS,2014,SOYBEANS,44.49012345679012
ARKANSAS,2014,WHEAT,59.80714285714286
ARKANSAS,2015,CORN,175.32758620689654
ARKANSAS,2015,SOYBEANS,44.512307692307694
ARKANSAS,2015,WHEAT,53.53478260869565
ARKANSAS,2016,CORN,167.40740740740742
ARKANSAS,2016,SOYBEANS,42.48823529411764
ARKANSAS,2016,WHEAT,53.0875
ARKANSAS,2017,CORN,179.90689655172415
ARKANSAS,2017,SOYBEANS,46.70933333333333
ARKANSAS,2017,WHEAT,55.82857142857143
ARKANSAS,2018,CORN,179.52222222222224
ARKANSAS,2018,SOYBEANS,46.18333333333334
ARKANSAS,2018,WHEAT,54.17777777777778
ARKANSAS,2019,CORN,170.78620689655173
ARKANSAS,2019,SOYBEANS,47.19285714285714
ARKANSAS,2019,WHEAT,53.13333333333333
ARKANSAS,2020,CORN,180.83571428571426
ARKANSAS,2020,SOYBEANS,47.349999999999994
ARKANSAS,2020,WHEAT,57.4125
ARKANSAS,2021,CORN,179.11599999999999
ARKANSAS,2021,SOYBEANS,49.077777777777776
ARKANSAS,2021,WHEAT,54.154545454545456
ARKANSAS,2022,CORN,168.93214285714288
ARKANSAS,2022,SOYBEANS,48.446875
ARKANSAS,2022,WHEAT,51.7
ARKANSAS,2023,CORN,182.28333333333333
ARKANSAS,2023,SOYBEANS,50.44666666666667
ARKANSAS,2023,WHEAT,56.96470588235294
ARKANSAS,2024,CORN,182.0655172413793
ARKANSAS,2024,SOYBEANS,51.05625
ARKANSAS,2025,WHEAT,54.23333333333333
CALIFORNIA,2010,CORN,103.19565217391305
CALIFORNIA,2010,WHEAT,78.175
CALIFORNIA,2011,CORN,109.18148148148148
CALIFORNIA,2011,WHEAT,88.27619047619048
CALIFORNIA,2012,CORN,125.36296296296297
CALIFORNIA,2012,WHEAT,79.115
CALIFORNIA,2013,CORN,116.01904761904763
CALIFORNIA,2013,WHEAT,80.84615384615384
CALIFORNIA,2014,CORN,95.10666666666665
CALIFORNIA,2014,WHEAT,76.38000000000001
CALIFORNIA,2015,CORN,96.99411764705883
CALIFORNIA,2015,WHEAT,75.96875
CALIFORNIA,2016,CORN,109.82916666666667
CALIFORNIA,2016,WHEAT,84.19473684210527
CALIFORNIA,2017,CORN,59.544444444444444
CALIFORNIA,2017,WHEAT,71.71111111111111
CALIFORNIA,2018,CORN,102.01666666666667
CALIFORNIA,2018,WHEAT,78.14500000000001
CALIFORNIA,2019,CORN,86.77142857142857
CALIFORNIA,2019,WHEAT,60.029411764705884
CALIFORNIA,2020,CORN,40.59090909090909
CALIFORNIA,2020,WHEAT,88.80625
CALIFORNIA,2021,CORN,92.125
CALIFORNIA,2021,WHEAT,89.54545454545455
CALIFORNIA,2022,CORN,58.925000000000004
CALIFORNIA,2022,WHEAT,92.825
CALIFORNIA,2023,CORN,79.89444444444445
CALIFORNIA,2023,WHEAT,82.66666666666667
CALIFORNIA,2025,WHEAT,93.75
COLORADO,2010,CORN,134.96458333333334
COLORADO,2010,WHEAT,50.987096774193546
COLORADO,2011,CORN,121.51621621621622
COLORADO,2011,WHEAT,50.41612903225807
COLORADO,2012,CORN,108.51935483870967
COLORADO,2012,WHEAT,45.77307692307692
COLORADO,2013,CORN,112.62608695652175
COLORADO,2013,WHEAT,26.79375
COLORADO,2014,CORN,132.31739130434784
COLORADO,2014,WHEAT,46.824137931034485
COLORADO,2015,CORN,131.65
COLORADO,2015,WHEAT,42.24615384615385
COLORADO,2016,CORN,123.72857142857144
COLORADO,2016,WHEAT,45.8125
COLORADO,2017,CORN,141.356
COLORADO,2017,WHEAT,46.09444444444445
COLORADO,2018,CORN,118.58
COLORADO,2018,WHEAT,36.46
COLORADO,2019,CORN,129.69375
COLORADO,2019,WHEAT,53.73529411764706
COLORADO,2020,CORN,115.35454545454546
COLORADO,2020,WHEAT,32.9
COLORADO,2021,CORN,127.82941176470588
COLORADO,2021,WHEAT,38.71176470588235
COLORADO,2022,CORN,126.76842105263158
COLORADO,2022,WHEAT,22.9
COLORADO,2023,CORN,142.54117647058823
COLORADO,2023,WHEAT,45.03333333333333
COLORADO,2024,CORN,128.81052631578947
COLORADO,2025,WHEAT,41.294444444444444
DELAWARE,2010,CORN,114.46666666666665
DELAWARE,2010,SOYBEANS,32.36666666666667
DELAWARE,2011,CORN,127.36666666666667
DELAWARE,2011,SOYBEANS,40.0
DELAWARE,2012,CORN,129.56666666666666
DELAWARE,2012,SOYBEANS,43.666666666666664
DELAWARE,2013,CORN,164.14000000000001
DELAWARE,2013,SOYBEANS,40.166666666666664
DELAWARE,2014,CORN,203.8777777777778
DELAWARE,2014,SOYBEANS,48.43333333333334
DELAWARE,2015,CORN,196.54444444444445
DELAWARE,2015,SOYBEANS,40.04
DELAWARE,2016,CORN,175.75555555555556
DELAWARE,2016,SOYBEANS,45.099999999999994
DELAWARE,2017,CORN,185.8
DELAWARE,2017,SOYBEANS,50.23333333333333
DELAWARE,2018,CORN,143.5
DELAWARE,2018,SOYBEANS,42.379999999999995
DELAWARE,2019,CORN,162.14444444444445
DELAWARE,2019,SOYBEANS,46.78
DELAWARE,2020,CORN,160.31428571428572
DELAWARE,2020,SOYBEANS,50.24444444444444
DELAWARE,2021,CORN,184.1
DELAWARE,2021,SOYBEANS,51.55714285714286
DELAWARE,2022,CORN,159.29000000000002
DELAWARE,2022,SOYBEANS,42.67777777777778
DELAWARE,2023,CORN,194.1888888888889
DELAWARE,2023,SOYBEANS,46.542857142857144
DELAWARE,2024,CORN,171.95714285714286
DELAWARE,2024,SOYBEANS,46.199999999999996
GEORGIA,2010,CORN,131.48333333333332
GEORGIA,2010,SOYBEANS,27.395744680851063
GEORGIA,2010,WHEAT,41.19268292682927
GEORGIA,2011,CORN,132.29166666666666
GEORGIA,2011,SOYBEANS,23.68125
GEORGIA,2011,WHEAT,56.93333333333334
GEORGIA,2012,CORN,162.53026315789472
GEORGIA,2012,SOYBEANS,37.0462962962963
GEORGIA,2012,WHEAT,50.041818181818186
GEORGIA,2013,CORN,168.39295774647886
GEORGIA,2013,SOYBEANS,39.23653846153846
GEORGIA,2013,WHEAT,57.824
GEORGIA,2014,CORN,153.07611940298509
GEORGIA,2014,SOYBEANS,40.30952380952381
GEORGIA,2014,WHEAT,48.994339622641505
GEORGIA,2015,CORN,156.4890909090909
GEORGIA,2015,SOYBEANS,42.804545454545455
GEORGIA,2015,WHEAT,44.537142857142854
GEORGIA,2016,CORN,151.53061224489795
GEORGIA,2016,SOYBEANS,28.045833333333334
GEORGIA,2016,WHEAT,47.96818181818182
GEORGIA,2017,CORN,163.71372549019608
GEORGIA,2017,SOYBEANS,41.9625
GEORGIA,2018,CORN,165.99830508474577
GEORGIA,2018,SOYBEANS,39.72
GEORGIA,2019,CORN,145.875
GEORGIA,2019,SOYBEANS,29.69375
GEORGIA,2020,CORN,163.42105263157896
GEORGIA,2020,SOYBEANS,43.91052631578947
GEORGIA,2021,CORN,174.29999999999998
GEORGIA,2021,SOYBEANS,44.0
GEORGIA,2022,CORN,150.15833333333333
GEORGIA,2022,SOYBEANS,42.72105263157895
GEORGIA,2023,CORN,167.3422222222222
GEORGIA,2023,SOYBEANS,43.255
GEORGIA,2024,CORN,149.45
GEORGIA,2024,SOYBEANS,48.65294117647059
IDAHO,2010,WHEAT,76.024
IDAHO,2011,WHEAT,77.80377358490567
IDAHO,2012,WHEAT,71.99186046511628
IDAHO,2013,WHEAT,78.33376623376623
IDAHO,2014,WHEAT,75.5358024691358
IDAHO,2015,WHEAT,73.61688311688312
IDAHO,2016,CORN,195.925
IDAHO,2016,WHEAT,90.53387096774195
IDAHO,2017,CORN,213.5090909090909
IDAHO,2017,WHEAT,82.5377358490566
IDAHO,2018,CORN,217.1833333333333
IDAHO,2018,WHEAT,94.0603448275862
IDAHO,2019,CORN,204.5
IDAHO,2019,WHEAT,88.93409090909091
IDAHO,2020,CORN,198.6916666666667
IDAHO,2020,WHEAT,97.18541666666665
IDAHO,2021,CORN,212.83
IDAHO,2021,WHEAT,79.7279069767442
IDAHO,2022,CORN,200.14375
IDAHO,2022,WHEAT,95.03783783783784
IDAHO,2023,CORN,200.04999999999998
IDAHO,2023,WHEAT,89.89512195121951
IDAHO,2024,CORN,208.07777777777778
IDAHO,2025,WHEAT,87.14666666666668
ILLINOIS,2010,CORN,151.576
ILLINOIS,2010,SOYBEANS,49.853465346534655
ILLINOIS,2010,WHEAT,58.553030303030305
ILLINOIS,2011,CORN,149.84646464646463
ILLINOIS,2011,SOYBEANS,47.02020202020202
ILLINOIS,2011,WHEAT,64.12162162162163
ILLINOIS,2012,CORN,91.44315789473684
ILLINOIS,2012,SOYBEANS,41.823232323232325
ILLINOIS,2012,WHEAT,66.88133333333334
ILLINOIS,2013,CORN,173.69270833333334
ILLINOIS,2013,SOYBEANS,49.30520833333333
ILLINOIS,2013,WHEAT,65.43243243243244
ILLINOIS,2014,CORN,194.59285714285713
ILLINOIS,2014,SOYBEANS,54.473469387755095
ILLINOIS,2014,WHEAT,66.82957746478873
ILLINOIS,2015,CORN,172.04255319148936
ILLINOIS,2015,SOYBEANS,54.765625
ILLINOIS,2015,WHEAT,65.84864864864865
ILLINOIS,2016,CORN,183.52812500000002
ILLINOIS,2016,SOYBEANS,57.521649484536084
ILLINOIS,2016,WHEAT,76.6842857142857
ILLINOIS,2017,CORN,190.63299999999998
ILLINOIS,2017,SOYBEANS,56.41919191919192
ILLINOIS,2017,WHEAT,77.07575757575758
ILLINOIS,2018,CORN,202.59111111111113
ILLINOIS,2018,SOYBEANS,61.7936170212766
ILLINOIS,2018,WHEAT,66.94931506849315
ILLINOIS,2019,CORN,175.8505747126437
ILLINOIS,2019,SOYBEANS,52.796428571428564
ILLINOIS,2019,WHEAT,66.70606060606062
ILLINOIS,2020,CORN,186.56799999999998
ILLINOIS,2020,SOYBEANS,58.961999999999996
ILLINOIS,2020,WHEAT,69.72465753424657
ILLINOIS,2021,CORN,199.5675
ILLINOIS,2021,SOYBEANS,62.95822784810127
ILLINOIS,2021,WHEAT,79.1530303030303
ILLINOIS,2022,CORN,204.35208333333333
ILLINOIS,2022,SOYBEANS,61.69893617021276
ILLINOIS,2022,WHEAT,80.49384615384616
ILLINOIS,2023,CORN,198.6358695652174
ILLINOIS,2023,SOYBEANS,61.68888888888889
ILLINOIS,2023,WHEAT,87.44909090909091
ILLINOIS,2024,CORN,207.3984126984127
ILLINOIS,2024,SOYBEANS,61.35322580645161
ILLINOIS,2024,WHEAT,89.44827586206897
ILLINOIS,2025,WHEAT,93.75
INDIANA,2010,CORN,151.34347826086957
INDIANA,2010,SOYBEANS,46.837777777777774
INDIANA,2010,WHEAT,59.2038961038961
INDIANA,2011,CORN,138.97701149425288
INDIANA,2011,SOYBEANS,43.73636363636364
INDIANA,2011,WHEAT,60.1536231884058
INDIANA,2012,CORN,91.58522727272727
INDIANA,2012,SOYBEANS,42.1876404494382
INDIANA,2012,WHEAT,65.36666666666666
INDIANA,2013,CORN,175.03333333333333
INDIANA,2013,SOYBEANS,50.78395061728395
INDIANA,2013,WHEAT,71.17460317460318
INDIANA,2014,CORN,185.36966292134832
INDIANA,2014,SOYBEANS,54.51222222222223
INDIANA,2014,WHEAT,75.09552238805969
INDIANA,2015,CORN,152.73181818181817
INDIANA,2015,SOYBEANS,49.86292134831461
INDIANA,2015,WHEAT,66.34776119402986
INDIANA,2016,CORN,166.71764705882353
INDIANA,2016,SOYBEANS,56.37093023255814
INDIANA,2016,WHEAT,79.19375
INDIANA,2017,CORN,177.43977272727273
INDIANA,2017,SOYBEANS,53.37444444444444
INDIANA,2017,WHEAT,71.37042253521128
INDIANA,2018,CORN,187.18117647058824
INDIANA,2018,SOYBEANS,56.11494252873563
INDIANA,2018,WHEAT,69.87333333333332
INDIANA,2019,CORN,162.01666666666665
INDIANA,2019,SOYBEANS,49.68125
INDIANA,2019,WHEAT,61.641935483870974
INDIANA,2020,CORN,184.36444444444444
INDIANA,2020,SOYBEANS,58.17078651685393
INDIANA,2020,WHEAT,68.9322033898305
INDIANA,2021,CORN,192.28108108108108
INDIANA,2021,SOYBEANS,58.82837837837838
INDIANA,2021,WHEAT,82.7925925925926
INDIANA,2022,CORN,187.34146341463415
INDIANA,2022,SOYBEANS,56.840476190476195
INDIANA,2022,WHEAT,80.74791666666667
INDIANA,2023,CORN,199.572
INDIANA,2023,SOYBEANS,59.62533333333333
INDIANA,2023,WHEAT,92.80178571428571
INDIANA,2024,CORN,192.85555555555555
INDIANA,2024,SOYBEANS,57.61621621621622
INDIANA,2025,WHEAT,88.36585365853658
IOWA,2010,CORN,143.3527777777778
IOWA,2010,SOYBEANS,50.43636363636364
IOWA,2011,CORN,133.71984126984128
IOWA,2011,SOYBEANS,50.98787878787879
IOWA,2012,CORN,116.83571428571429
IOWA,2012,SOYBEANS,44.69595959595959
IOWA,2013,CORN,134.82166666666666
IOWA,2013,SOYBEANS,44.78181818181818
IOWA,2014,CORN,156.11913043478262
IOWA,2014,SOYBEANS,50.5959595959596
IOWA,2015,CORN,161.7104347826087
IOWA,2015,SOYBEANS,55.576530612244895
IOWA,2016,CORN,176.86929824561403
IOWA,2016,SOYBEANS,59.38686868686869
IOWA,2017,CORN,176.5183486238532
IOWA,2017,SOYBEANS,56.199999999999996
IOWA,2018,CORN,171.86146788990828
IOWA,2018,SOYBEANS,55.66288659793815
IOWA,2019,CORN,164.25495495495494
IOWA,2019,SOYBEANS,54.86818181818182
IOWA,2020,CORN,113.64810126582279
IOWA,2020,SOYBEANS,53.194252873563215
IOWA,2021,CORN,164.5575471698113
IOWA,2021,SOYBEANS,62.271428571428565
IOWA,2022,CORN,147.32814814814813
IOWA,2022,SOYBEANS,58.057142857142864
IOWA,2023,CORN,166.99722222222223
IOWA,2023,SOYBEANS,57.61807228915663
IOWA,2024,CORN,166.76701030927833
IOWA,2024,SOYBEANS,60.23478260869565
KANSAS,2010,CORN,121.27102272727274
KANSAS,2010,SOYBEANS,33.73222222222223
KANSAS,2010,WHEAT,44.09782608695652
KANSAS,2011,CORN,99.40441988950276
KANSAS,2011,SOYBEANS,27.31279069767442
KANSAS,2011,WHEAT,36.63921568627451
KANSAS,2012,CORN,91.67692307692307
KANSAS,2012,SOYBEANS,24.76625
KANSAS,2012,WHEAT,43.687681159420286
KANSAS,2013,CORN,124.86217948717949
KANSAS,2013,SOYBEANS,38.13461538461539
KANSAS,2013,WHEAT,38.44233576642336
KANSAS,2014,CORN,145.13311688311688
KANSAS,2014,SOYBEANS,37.15304347826087
KANSAS,2014,WHEAT,34.415
KANSAS,2015,CORN,144.28504672897196
KANSAS,2015,SOYBEANS,41.08395061728395
KANSAS,2015,WHEAT,38.904629629629625
KANSAS,2016,CORN,139.72592592592594
KANSAS,2016,SOYBEANS,50.58898305084746
KANSAS,2016,WHEAT,56.83271028037384
KANSAS,2017,CORN,131.9751633986928
KANSAS,2017,SOYBEANS,40.58815789473684
KANSAS,2017,WHEAT,49.584375
KANSAS,2018,CORN,128.96356589147285
KANSAS,2018,SOYBEANS,44.33387096774193
KANSAS,2018,WHEAT,40.14404761904762
KANSAS,2019,CORN,124.946875
KANSAS,2019,SOYBEANS,42.03928571428571
KANSAS,2019,WHEAT,49.39651162790698
KANSAS,2020,CORN,134.83956043956044
KANSAS,2020,SOYBEANS,43.2171052631579
KANSAS,2020,WHEAT,44.24947368421052
KANSAS,2021,CORN,141.28157894736842
KANSAS,2021,SOYBEANS,40.75
KANSAS,2021,WHEAT,51.10697674418604
KANSAS,2022,CORN,105.98518518518517
KANSAS,2022,SOYBEANS,28.48732394366197
KANSAS,2022,WHEAT,42.10568181818182
KANSAS,2023,CORN,116.34533333333333
KANSAS,2023,SOYBEANS,25.125423728813562
KANSAS,2023,WHEAT,41.35
KANSAS,2024,CORN,133.73666666666665
KANSAS,2024,SOYBEANS,33.785714285714285
KANSAS,2025,WHEAT,55.05555555555556
KENTUCKY,2010,CORN,122.16666666666667
KENTUCKY,2010,SOYBEANS,37.46708860759494
KENTUCKY,2010,WHEAT,58.983333333333334
KENTUCKY,2011,CORN,131.04505494505494
KENTUCKY,2011,SOYBEANS,38.59761904761905
KENTUCKY,2011,WHEAT,59.75645161290323
KENTUCKY,2012,CORN,72.56774193548387
KENTUCKY,2012,SOYBEANS,40.57654320987654
KENTUCKY,2012,WHEAT,57.892307692307696
KENTUCKY,2013,CORN,158.21875
KENTUCKY,2013,SOYBEANS,49.140625
KENTUCKY,2013,WHEAT,66.5125
KENTUCKY,2014,CORN,152.2061728395062
KENTUCKY,2014,SOYBEANS,48.687999999999995
KENTUCKY,2014,WHEAT,65.68076923076923
KENTUCKY,2015,CORN,162.1432098765432
KENTUCKY,2015,SOYBEANS,48.60875
KENTUCKY,2015,WHEAT,64.34888888888888
KENTUCKY,2016,CORN,153.87179487179486
KENTUCKY,2016,SOYBEANS,49.034666666666666
KENTUCKY,2016,WHEAT,69.93695652173913
KENTUCKY,2017,CORN,167.21625
KENTUCKY,2017,SOYBEANS,52.6972602739726
KENTUCKY,2017,WHEAT,69.67804878048781
KENTUCKY,2018,CORN,169.62266666666667
KENTUCKY,2018,SOYBEANS,50.38125
KENTUCKY,2018,WHEAT,60.920588235294126
KENTUCKY,2019,CORN,156.5515625
KENTUCKY,2019,SOYBEANS,43.992753623188406
KENTUCKY,2019,WHEAT,68.12702702702703
KENTUCKY,2020,CORN,168.82738095238096
KENTUCKY,2020,SOYBEANS,53.28915662650602
KENTUCKY,2020,WHEAT,54.6125
KENTUCKY,2021,CORN,176.91176470588235
KENTUCKY,2021,SOYBEANS,54.17368421052631
KENTUCKY,2021,WHEAT,80.37941176470588
KENTUCKY,2022,CORN,152.93703703703704
KENTUCKY,2022,SOYBEANS,51.7536231884058
KENTUCKY,2022,WHEAT,72.78
KENTUCKY,2023,CORN,183.32972972972973
KENTUCKY,2023,SOYBEANS,54.05238095238096
KENTUCKY,2023,WHEAT,85.4054054054054
KENTUCKY,2024,CORN,160.93166666666667
KENTUCKY,2024,SOYBEANS,46.73090909090909
KENTUCKY,2025,WHEAT,72.80416666666666
LOUISIANA,2010,CORN,131.20526315789473
LOUISIANA,2010,SOYBEANS,38.94242424242424
LOUISIANA,2011,CORN,116.81904761904761
LOUISIANA,2011,SOYBEANS,32.2969696969697
LOUISIANA,2012,CORN,158.55
LOUISIANA,2012,SOYBEANS,42.381818181818176
LOUISIANA,2013,CORN,170.69411764705885
LOUISIANA,2013,SOYBEANS,46.88076923076923
LOUISIANA,2014,CORN,177.51666666666668
LOUISIANA,2014,SOYBEANS,51.208333333333336
LOUISIANA,2015,CORN,159.53684210526316
LOUISIANA,2015,SOYBEANS,35.87027027027027
LOUISIANA,2016,CORN,157.5421052631579
LOUISIANA,2016,SOYBEANS,42.580555555555556
LOUISIANA,2017,CORN,177.12727272727273
LOUISIANA,2017,SOYBEANS,47.625
LOUISIANA,2018,CORN,157.6
LOUISIANA,2018,SOYBEANS,44.50967741935484
LOUISIANA,2019,CORN,157.35
LOUISIANA,2019,SOYBEANS,43.55806451612903
LOUISIANA,2020,CORN,173.535
LOUISIANA,2020,SOYBEANS,47.69642857142857
LOUISIANA,2021,CORN,167.51
LOUISIANA,2021,SOYBEANS,46.43928571428571
LOUISIANA,2022,CORN,154.17727272727274
LOUISIANA,2022,SOYBEANS,43.68571428571429
LOUISIANA,2023,CORN,165.1888888888889
LOUISIANA,2023,SOYBEANS,36.104
LOUISIANA,2024,CORN,176.745
LOUISIANA,2024,SOYBEANS,47.440909090909095
MARYLAND,2010,CORN,99.0391304347826
MARYLAND,2010,SOYBEANS,33.663636363636364
MARYLAND,2010,WHEAT,59.94375
MARYLAND,2011,CORN,107.56818181818181
MARYLAND,2011,SOYBEANS,39.33809523809524
MARYLAND,2011,WHEAT,67.11333333333333
MARYLAND,2012,CORN,116.96521739130434
MARYLAND,2012,SOYBEANS,45.913636363636364
MARYLAND,2012,WHEAT,67.36666666666666
MARYLAND,2013,CORN,155.56190476190477
MARYLAND,2013,SOYBEANS,39.904761904761905
MARYLAND,2013,WHEAT,66.62857142857143
MARYLAND,2014,CORN,162.80434782608697
MARYLAND,2014,SOYBEANS,44.37619047619047
MARYLAND,2014,WHEAT,70.925
MARYLAND,2015,CORN,159.88
MARYLAND,2015,SOYBEANS,39.235
MARYLAND,2015,WHEAT,66.79230769230769
MARYLAND,2016,CORN,144.8941176470588
MARYLAND,2016,SOYBEANS,41.23157894736842
MARYLAND,2016,WHEAT,63.54545454545455
MARYLAND,2017,CORN,165.03157894736842
MARYLAND,2017,SOYBEANS,49.888888888888886
MARYLAND,2017,WHEAT,70.74615384615385
MARYLAND,2018,CORN,136.37272727272727
MARYLAND,2018,SOYBEANS,45.016666666666666
MARYLAND,2018,WHEAT,62.574999999999996
MARYLAND,2019,CORN,157.88
MARYLAND,2019,SOYBEANS,43.37777777777777
MARYLAND,2019,WHEAT,76.33333333333333
MARYLAND,2020,CORN,151.78181818181818
MARYLAND,2020,SOYBEANS,46.28095238095238
MARYLAND,2020,WHEAT,71.96111111111111
MARYLAND,2021,CORN,170.45263157894738
MARYLAND,2021,SOYBEANS,51.96842105263158
MARYLAND,2021,WHEAT,76.80000000000001
MARYLAND,2022,CORN,153.66
MARYLAND,2022,SOYBEANS,42.894444444444446
MARYLAND,2022,WHEAT,78.31538461538462
MARYLAND,2023,CORN,159.3
MARYLAND,2023,SOYBEANS,44.15
MARYLAND,2023,WHEAT,85.51764705882353
MARYLAND,2024,CORN,132.81764705882352
MARYLAND,2024,SOYBEANS,43.199999999999996
MARYLAND,2025,WHEAT,76.63571428571429
MICHIGAN,2010,CORN,141.07121212121214
MICHIGAN,2010,SOYBEANS,43.62884615384615
MICHIGAN,2010,WHEAT,61.657407407407405
MICHIGAN,2011,CORN,134.51884057971014
MICHIGAN,2011,SOYBEANS,42.936734693877554
MICHIGAN,2011,WHEAT,67.93214285714285
MICHIGAN,2012,CORN,122.30923076923078
MICHIGAN,2012,SOYBEANS,41.8
MICHIGAN,2012,WHEAT,67.73214285714286
MICHIGAN,2013,CORN,142.2277777777778
MICHIGAN,2013,SOYBEANS,43.1
MICHIGAN,2013,WHEAT,67.35217391304347
MICHIGAN,2014,CORN,145.2296875
MICHIGAN,2014,SOYBEANS,39.47222222222222
MICHIGAN,2014,WHEAT,66.94468085106384
MICHIGAN,2015,CORN,145.54603174603173
MICHIGAN,2015,SOYBEANS,47.597674418604655
MICHIGAN,2015,WHEAT,75.12558139534885
MICHIGAN,2016,CORN,138.74153846153848
MICHIGAN,2016,SOYBEANS,49.09347826086957
MICHIGAN,2016,WHEAT,79.654
MICHIGAN,2017,CORN,149.035
MICHIGAN,2017,SOYBEANS,41.19387755102041
MICHIGAN,2017,WHEAT,71.07954545454545
MICHIGAN,2018,CORN,142.8764705882353
MICHIGAN,2018,SOYBEANS,45.86222222222223
MICHIGAN,2018,WHEAT,71.4590909090909
MICHIGAN,2019,CORN,138.64285714285714
MICHIGAN,2019,SOYBEANS,39.265957446808514
MICHIGAN,2019,WHEAT,64.33333333333333
MICHIGAN,2020,CORN,143.60655737704917
MICHIGAN,2020,SOYBEANS,46.086000000000006
MICHIGAN,2020,WHEAT,64.83958333333334
MICHIGAN,2021,CORN,164.94310344827588
MICHIGAN,2021,SOYBEANS,49.512499999999996
MICHIGAN,2021,WHEAT,74.61555555555555
MICHIGAN,2022,CORN,149.79180327868852
MICHIGAN,2022,SOYBEANS,44.523529411764706
MICHIGAN,2022,WHEAT,76.21363636363637
MICHIGAN,2023,CORN,158.1603448275862
MICHIGAN,2023,SOYBEANS,44.0
MICHIGAN,2023,WHEAT,71.93488372093023
MICHIGAN,2024,CORN,164.75
MICHIGAN,2024,SOYBEANS,47.30434782608695
MICHIGAN,2025,WHEAT,81.82307692307693
MINNESOTA,2010,CORN,111.30661157024794
MINNESOTA,2010,SOYBEANS,44.89078947368421
MINNESOTA,2010,WHEAT,50.01166666666666
MINNESOTA,2011,CORN,100.59736842105264
MINNESOTA,2011,SOYBEANS,38.733333333333334
MINNESOTA,2011,WHEAT,39.4962962962963
MINNESOTA,2012,CORN,115.45092592592593
MINNESOTA,2012,SOYBEANS,43.12133333333333
MINNESOTA,2012,WHEAT,49.19333333333333
MINNESOTA,2013,CORN,107.89292035398229
MINNESOTA,2013,SOYBEANS,39.82027027027027
MINNESOTA,2013,WHEAT,48.53488372093023
MINNESOTA,2014,CORN,105.53904761904762
MINNESOTA,2014,SOYBEANS,40.5986301369863
MINNESOTA,2014,WHEAT,51.7047619047619
MINNESOTA,2015,CORN,139.64646464646464
MINNESOTA,2015,SOYBEANS,50.37887323943662
MINNESOTA,2015,WHEAT,58.93421052631579
MINNESOTA,2016,CORN,152.1618556701031
MINNESOTA,2016,SOYBEANS,52.795890410958904
MINNESOTA,2016,WHEAT,57.6425
MINNESOTA,2017,CORN,139.269
MINNESOTA,2017,SOYBEANS,47.270270270270274
MINNESOTA,2017,WHEAT,60.87567567567568
MINNESOTA,2018,CORN,129.45934065934065
MINNESOTA,2018,SOYBEANS,48.7171875
MINNESOTA,2018,WHEAT,46.797222222222224
MINNESOTA,2019,CORN,125.52608695652174
MINNESOTA,2019,SOYBEANS,43.300000000000004
MINNESOTA,2019,WHEAT,46.918181818181814
MINNESOTA,2020,CORN,118.30393700787401
MINNESOTA,2020,SOYBEANS,49.3725
MINNESOTA,2020,WHEAT,48.858139534883726
MINNESOTA,2021,CORN,107.48260869565217
MINNESOTA,2021,SOYBEANS,45.75416666666667
MINNESOTA,2021,WHEAT,47.905
MINNESOTA,2022,CORN,122.29237288135593
MINNESOTA,2022,SOYBEANS,48.312000000000005
MINNESOTA,2022,WHEAT,50.580555555555556
MINNESOTA,2023,CORN,111.67207207207207
MINNESOTA,2023,SOYBEANS,46.00142857142857
MINNESOTA,2023,WHEAT,54.88108108108108
MINNESOTA,2024,CORN,104.06306306306307
MINNESOTA,2024,SOYBEANS,43.583606557377045
MINNESOTA,2025,WHEAT,59.41923076923077
MISSISSIPPI,2010,CORN,120.475
MISSISSIPPI,2010,SOYBEANS,34.408
MISSISSIPPI,2010,WHEAT,44.9
MISSISSIPPI,2011,CORN,106.02666666666666
MISSISSIPPI,2011,SOYBEANS,34.46595744680851
MISSISSIPPI,2011,WHEAT,59.68055555555556
MISSISSIPPI,2012,CORN,134.1212765957447
MISSISSIPPI,2012,SOYBEANS,42.906666666666666
MISSISSIPPI,2012,WHEAT,53.01111111111111
MISSISSIPPI,2013,CORN,156.3325
MISSISSIPPI,2013,SOYBEANS,41.293749999999996
MISSISSIPPI,2013,WHEAT,53.0875
MISSISSIPPI,2014,CORN,166.75714285714287
MISSISSIPPI,2014,SOYBEANS,46.43260869565218
MISSISSIPPI,2014,WHEAT,55.708571428571425
MISSISSIPPI,2015,CORN,154.01538461538462
MISSISSIPPI,2015,SOYBEANS,38.818867924528305
MISSISSIPPI,2015,WHEAT,44.91304347826087
MISSISSIPPI,2016,CORN,142.29777777777778
MISSISSIPPI,2016,SOYBEANS,41.522448979591836
MISSISSIPPI,2016,WHEAT,48.81666666666666
MISSISSIPPI,2017,CORN,172.55652173913043
MISSISSIPPI,2017,SOYBEANS,46.05217391304348
MISSISSIPPI,2017,WHEAT,57.3111111111111
MISSISSIPPI,2018,CORN,165.67000000000002
MISSISSIPPI,2018,SOYBEANS,45.6
MISSISSIPPI,2018,WHEAT,49.75714285714286
MISSISSIPPI,2019,CORN,160.93863636363636
MISSISSIPPI,2019,SOYBEANS,43.70454545454545
MISSISSIPPI,2019,WHEAT,42.55
MISSISSIPPI,2020,CORN,166.87659574468086
MISSISSIPPI,2020,SOYBEANS,47.84285714285714
MISSISSIPPI,2020,WHEAT,52.166666666666664
MISSISSIPPI,2021,CORN,169.9078947368421
MISSISSIPPI,2021,SOYBEANS,48.61904761904762
MISSISSIPPI,2021,WHEAT,65.60000000000001
MISSISSIPPI,2022,CORN,137.0179487179487
MISSISSIPPI,2022,SOYBEANS,47.03684210526316
MISSISSIPPI,2022,WHEAT,54.54
MISSISSIPPI,2023,CORN,169.7090909090909
MISSISSIPPI,2023,SOYBEANS,49.29032258064516
MISSISSIPPI,2023,WHEAT,54.63333333333333
MISSISSIPPI,2024,CORN,174.76666666666665
MISSISSIPPI,2024,SOYBEANS,46.96451612903226
MISSOURI,2010,CORN,117.03052631578947
MISSOURI,2010,SOYBEANS,40.728421052631575
MISSOURI,2010,WHEAT,40.390277777777776
MISSOURI,2011,CORN,105.4047619047619
MISSOURI,2011,SOYBEANS,34.32105263157895
MISSOURI,2011,WHEAT,45.69375
MISSOURI,2012,CORN,66.43736263736264
MISSOURI,2012,SOYBEANS,27.377659574468087
MISSOURI,2012,WHEAT,56.14729729729729
MISSOURI,2013,CORN,130.4125
MISSOURI,2013,SOYBEANS,35.23658536585366
MISSOURI,2013,WHEAT,53.81785714285714
MISSOURI,2014,CORN,175.39583333333334
MISSOURI,2014,SOYBEANS,44.0679012345679
MISSOURI,2014,WHEAT,55.11194029850746
MISSOURI,2015,CORN,134.6015873015873
MISSOURI,2015,SOYBEANS,40.196825396825396
MISSOURI,2015,WHEAT,48.84814814814815
MISSOURI,2016,CORN,156.95277777777778
MISSOURI,2016,SOYBEANS,48.21066666666667
MISSOURI,2016,WHEAT,64.03492063492064
MISSOURI,2017,CORN,159.52289156626506
MISSOURI,2017,SOYBEANS,48.15308641975309
MISSOURI,2017,WHEAT,66.05396825396825
MISSOURI,2018,CORN,134.25762711864405
MISSOURI,2018,SOYBEANS,43.3390625
MISSOURI,2018,WHEAT,55.77407407407408
MISSOURI,2019,CORN,149.50535714285712
MISSOURI,2019,SOYBEANS,45.0271186440678
MISSOURI,2019,WHEAT,57.654545454545456
MISSOURI,2020,CORN,157.69777777777776
MISSOURI,2020,SOYBEANS,48.89230769230769
MISSOURI,2020,WHEAT,59.896078431372544
MISSOURI,2021,CORN,152.48181818181817
MISSOURI,2021,SOYBEANS,46.645833333333336
MISSOURI,2021,WHEAT,60.276595744680854
MISSOURI,2022,CORN,147.38695652173914
MISSOURI,2022,SOYBEANS,42.377631578947366
MISSOURI,2022,WHEAT,57.97021276595744
MISSOURI,2023,CORN,142.02266666666668
MISSOURI,2023,SOYBEANS,45.400000000000006
MISSOURI,2023,WHEAT,67.22173913043478
MISSOURI,2024,CORN,175.28518518518518
MISSOURI,2024,SOYBEANS,46.85344827586207
MISSOURI,2025,WHEAT,77.77045454545454
MONTANA,2010,CORN,72.30322580645162
MONTANA,2010,WHEAT,48.77294117647059
MONTANA,2011,CORN,82.12727272727273
MONTANA,2011,WHEAT,41.27755102040816
MONTANA,2012,CORN,57.31612903225806
MONTANA,2012,WHEAT,40.53057324840764
MONTANA,2013,CORN,67.71666666666667
MONTANA,2013,WHEAT,43.33709677419355
MONTANA,2014,CORN,57.08571428571429
MONTANA,2014,WHEAT,46.26484375
MONTANA,2015,CORN,65.44545454545454
MONTANA,2015,WHEAT,41.403703703703705
MONTANA,2016,CORN,54.70322580645161
MONTANA,2016,WHEAT,44.25689655172414
MONTANA,2017,WHEAT,33.03855421686747
MONTANA,2018,WHEAT,44.52134831460674
MONTANA,2019,WHEAT,45.93283582089552
MONTANA,2020,WHEAT,46.522666666666666
MONTANA,2021,WHEAT,25.88840579710145
MONTANA,2022,WHEAT,31.894444444444446
MONTANA,2023,WHEAT,41.209836065573775
MONTANA,2025,WHEAT,41.43207547169811
NEBRASKA,2010,CORN,154.04007936507935
NEBRASKA,2010,SOYBEANS,52.0792349726776
NEBRASKA,2010,WHEAT,47.59230769230769
NEBRASKA,2011,CORN,150.5192
NEBRASKA,2011,SOYBEANS,53.30052083333334
NEBRASKA,2011,WHEAT,49.58301886792453
NEBRASKA,2012,CORN,122.22268907563026
NEBRASKA,2012,SOYBEANS,41.68524590163934
NEBRASKA,2012,WHEAT,48.354838709677416
NEBRASKA,2013,CORN,152.8187772925764
NEBRASKA,2013,SOYBEANS,51.85257142857143
NEBRASKA,2013,WHEAT,43.46527777777778
NEBRASKA,2014,CORN,166.52837209302325
NEBRASKA,2014,SOYBEANS,53.778666666666666
NEBRASKA,2014,WHEAT,54.361038961038965
NEBRASKA,2015,CORN,172.22835820895523
NEBRASKA,2015,SOYBEANS,57.135714285714286
NEBRASKA,2015,WHEAT,40.53055555555555
NEBRASKA,2016,CORN,170.8739336492891
NEBRASKA,2016,SOYBEANS,60.29097222222222
NEBRASKA,2016,WHEAT,61.50277777777777
NEBRASKA,2017,CORN,170.23264248704663
NEBRASKA,2017,SOYBEANS,57.68695652173913
NEBRASKA,2017,WHEAT,51.771929824561404
NEBRASKA,2018,CORN,185.00064516129032
NEBRASKA,2018,SOYBEANS,58.823232323232325
NEBRASKA,2018,WHEAT,53.32156862745098
NEBRASKA,2019,CORN,180.31866666666667
NEBRASKA,2019,SOYBEANS,58.262
NEBRASKA,2019,WHEAT,61.30869565217391
NEBRASKA,2020,CORN,175.0547619047619
NEBRASKA,2020,SOYBEANS,57.83142857142857
NEBRASKA,2020,WHEAT,47.106249999999996
NEBRASKA,2021,CORN,187.7125
NEBRASKA,2021,SOYBEANS,63.03958333333333
NEBRASKA,2021,WHEAT,56.29705882352941
NEBRASKA,2022,CORN,158.05277777777778
NEBRASKA,2022,SOYBEANS,49.19193548387097
NEBRASKA,2022,WHEAT,45.14
NEBRASKA,2023,CORN,181.31714285714287
NEBRASKA,2023,SOYBEANS,52.58387096774193
NEBRASKA,2023,WHEAT,43.32608695652174
NEBRASKA,2024,CORN,184.2377049180328
NEBRASKA,2024,SOYBEANS,58.41764705882353
NEBRASKA,2025,WHEAT,56.875757575757575
NEW JERSEY,2010,CORN,95.04166666666667
NEW JERSEY,2010,SOYBEANS,23.55
NEW JERSEY,2010,WHEAT,49.611111111111114
NEW JERSEY,2011,CORN,113.73571428571428
NEW JERSEY,2011,SOYBEANS,38.35454545454545
NEW JERSEY,2011,WHEAT,48.56666666666667
NEW JERSEY,2012,CORN,112.78461538461539
NEW JERSEY,2012,SOYBEANS,39.20909090909091
NEW JERSEY,2012,WHEAT,54.379999999999995
NEW JERSEY,2013,CORN,131.05384615384617
NEW JERSEY,2013,SOYBEANS,40.199999999999996
NEW JERSEY,2013,WHEAT,53.0625
NEW JERSEY,2014,CORN,137.7153846153846
NEW JERSEY,2014,SOYBEANS,42.74545454545454
NEW JERSEY,2014,WHEAT,52.39
NEW JERSEY,2015,CORN,138.20833333333334
NEW JERSEY,2015,SOYBEANS,32.518181818181816
NEW JERSEY,2015,WHEAT,51.199999999999996
NEW JERSEY,2016,CORN,128.725
NEW JERSEY,2016,SOYBEANS,37.74444444444444
NEW JERSEY,2017,SOYBEANS,44.52727272727273
NEW JERSEY,2018,SOYBEANS,40.12222222222223
NEW JERSEY,2019,SOYBEANS,36.68181818181818
NEW JERSEY,2020,SOYBEANS,45.03636363636363
NEW JERSEY,2021,SOYBEANS,44.98888888888889
NEW JERSEY,2022,SOYBEANS,26.11111111111111
NEW JERSEY,2023,SOYBEANS,44.46
NEW JERSEY,2024,SOYBEANS,44.68888888888889
NEW MEXICO,2010,CORN,42.910000000000004
NEW MEXICO,2010,WHEAT,43.449999999999996
NEW MEXICO,2011,CORN,75.34444444444445
NEW MEXICO,2011,WHEAT,40.6125
NEW MEXICO,2012,CORN,58.8
NEW MEXICO,2013,CORN,24.625
NEW MEXICO,2014,CORN,80.86666666666666
NEW MEXICO,2015,CORN,78.7125
NEW MEXICO,2016,CORN,65.13
NEW MEXICO,2016,WHEAT,28.45
NEW YORK,2010,CORN,83.16288659793814
NEW YORK,2010,SOYBEANS,45.445454545454545
NEW YORK,2010,WHEAT,64.89500000000001
NEW YORK,2011,CORN,70.71739130434783
NEW YORK,2011,SOYBEANS,41.083333333333336
NEW YORK,2011,WHEAT,54.1875
NEW YORK,2012,CORN,74.37894736842105
NEW YORK,2012,SOYBEANS,44.693939393939395
NEW YORK,2012,WHEAT,60.24761904761905
NEW YORK,2013,CORN,83.27972972972972
NEW YORK,2013,SOYBEANS,45.72758620689655
NEW YORK,2013,WHEAT,64.76190476190476
NEW YORK,2014,CORN,76.43030303030302
NEW YORK,2014,SOYBEANS,43.53846153846154
NEW YORK,2014,WHEAT,58.57142857142857
NEW YORK,2015,CORN,74.0450704225352
NEW YORK,2015,SOYBEANS,41.49032258064516
NEW YORK,2015,WHEAT,61.926315789473676
NEW YORK,2016,CORN,70.43086419753087
NEW YORK,2016,SOYBEANS,44.129411764705885
NEW YORK,2016,WHEAT,72.06315789473685
NEW YORK,2017,CORN,86.14725274725275
NEW YORK,2017,SOYBEANS,43.8
NEW YORK,2018,CORN,78.6907894736842
NEW YORK,2018,SOYBEANS,50.75
NEW YORK,2019,CORN,84.3179104477612
NEW YORK,2019,SOYBEANS,47.484848484848484
NEW YORK,2020,CORN,86.12823529411764
NEW YORK,2020,SOYBEANS,48.55555555555556
NEW YORK,2021,CORN,90.03820224719101
NEW YORK,2021,SOYBEANS,50.202777777777776
NEW YORK,2022,CORN,75.93176470588234
NEW YORK,2022,SOYBEANS,43.214285714285715
NEW YORK,2023,CORN,85.21447368421053
NEW YORK,2023,SOYBEANS,50.34848484848485
NEW YORK,2024,CORN,94.9076923076923
NEW YORK,2024,SOYBEANS,50.271428571428565
NORTH CAROLINA,2010,CORN,81.82467532467533
NORTH CAROLINA,2010,SOYBEANS,26.15844155844156
NORTH CAROLINA,2010,WHEAT,38.42816901408451
NORTH CAROLINA,2011,CORN,90.09102564102565
NORTH CAROLINA,2011,SOYBEANS,30.57236842105263
NORTH CAROLINA,2011,WHEAT,66.35753424657534
NORTH CAROLINA,2012,CORN,108.25584415584416
NORTH CAROLINA,2012,SOYBEANS,39.5
NORTH CAROLINA,2012,WHEAT,55.33013698630137
NORTH CAROLINA,2013,CORN,130.62328767123287
NORTH CAROLINA,2013,SOYBEANS,32.65416666666667
NORTH CAROLINA,2013,WHEAT,55.864285714285714
NORTH CAROLINA,2014,CORN,129.28550724637682
NORTH CAROLINA,2014,SOYBEANS,39.38108108108108
NORTH CAROLINA,2014,WHEAT,58.16811594202898
NORTH CAROLINA,2015,CORN,108.80597014925372
NORTH CAROLINA,2015,SOYBEANS,30.17571428571429
NORTH CAROLINA,2015,WHEAT,53.755384615384614
NORTH CAROLINA,2016,CORN,125.47464788732395
NORTH CAROLINA,2016,SOYBEANS,33.427536231884055
NORTH CAROLINA,2016,WHEAT,42.25254237288136
NORTH CAROLINA,2017,CORN,137.69850746268656
NORTH CAROLINA,2017,SOYBEANS,38.93043478260869
NORTH CAROLINA,2017,WHEAT,54.925423728813556
NORTH CAROLINA,2018,CORN,111.7394366197183
NORTH CAROLINA,2018,SOYBEANS,34.47971014492754
NORTH CAROLINA,2018,WHEAT,55.99016393442623
NORTH CAROLINA,2019,CORN,116.05999999999999
NORTH CAROLINA,2019,SOYBEANS,33.6046875
NORTH CAROLINA,2019,WHEAT,56.69491525423729
NORTH CAROLINA,2020,CORN,115.0397435897436
NORTH CAROLINA,2020,SOYBEANS,37.69736842105263
NORTH CAROLINA,2020,WHEAT,59.028985507246375
NORTH CAROLINA,2021,CORN,147.48947368421054
NORTH CAROLINA,2021,SOYBEANS,39.71081081081081
NORTH CAROLINA,2021,WHEAT,56.18358208955224
NORTH CAROLINA,2022,CORN,121.6236842105263
NORTH CAROLINA,2022,SOYBEANS,38.23243243243243
NORTH CAROLINA,2022,WHEAT,61.78793103448275
NORTH CAROLINA,2023,CORN,139.42222222222222
NORTH CAROLINA,2023,SOYBEANS,37.06619718309859
NORTH CAROLINA,2023,WHEAT,69.89047619047619
NORTH CAROLINA,2024,CORN,79.62413793103448
NORTH CAROLINA,2024,SOYBEANS,37.52881355932203
NORTH CAROLINA,2025,WHEAT,58.72926829268293
NORTH DAKOTA,2010,CORN,76.54133333333334
NORTH DAKOTA,2010,SOYBEANS,32.44054054054054
NORTH DAKOTA,2010,WHEAT,46.811764705882354
NORTH DAKOTA,2011,CORN,66.26052631578948
NORTH DAKOTA,2011,SOYBEANS,29.18857142857143
NORTH DAKOTA,2011,WHEAT,31.23469387755102
NORTH DAKOTA,2012,CORN,68.97341772151898
NORTH DAKOTA,2012,SOYBEANS,33.325
NORTH DAKOTA,2012,WHEAT,46.88804347826087
NORTH DAKOTA,2013,CORN,75.15344827586206
NORTH DAKOTA,2013,SOYBEANS,30.740625
NORTH DAKOTA,2013,WHEAT,46.69166666666667
NORTH DAKOTA,2014,CORN,89.57692307692308
NORTH DAKOTA,2014,SOYBEANS,33.06923076923077
NORTH DAKOTA,2014,WHEAT,46.06111111111111
NORTH DAKOTA,2015,CORN,80.27142857142857
NORTH DAKOTA,2015,SOYBEANS,31.10285714285714
NORTH DAKOTA,2015,WHEAT,47.645161290322584
NORTH DAKOTA,2016,CORN,92.432
NORTH DAKOTA,2016,SOYBEANS,39.76829268292683
NORTH DAKOTA,2016,WHEAT,46.49418604651163
NORTH DAKOTA,2017,CORN,67.13766233766235
NORTH DAKOTA,2017,SOYBEANS,32.151162790697676
NORTH DAKOTA,2017,WHEAT,38.486486486486484
NORTH DAKOTA,2018,CORN,74.80483870967741
NORTH DAKOTA,2018,SOYBEANS,31.97073170731707
NORTH DAKOTA,2018,WHEAT,47.453731343283586
NORTH DAKOTA,2019,CORN,83.56595744680851
NORTH DAKOTA,2019,SOYBEANS,31.79047619047619
NORTH DAKOTA,2019,WHEAT,48.69
NORTH DAKOTA,2020,CORN,74.55365853658536
NORTH DAKOTA,2020,SOYBEANS,30.738775510204082
NORTH DAKOTA,2020,WHEAT,47.25211267605634
NORTH DAKOTA,2021,CORN,50.97951807228916
NORTH DAKOTA,2021,SOYBEANS,22.670212765957448
NORTH DAKOTA,2021,WHEAT,32.0013698630137
NORTH DAKOTA,2022,CORN,76.61643835616438
NORTH DAKOTA,2022,SOYBEANS,31.578260869565216
NORTH DAKOTA,2022,WHEAT,49.6581081081081
NORTH DAKOTA,2023,CORN,91.36250000000001
NORTH DAKOTA,2023,SOYBEANS,34.51860465116279
NORTH DAKOTA,2023,WHEAT,49.21830985915493
NORTH DAKOTA,2024,CORN,106.26607142857142
NORTH DAKOTA,2024,SOYBEANS,36.47073170731707
NORTH DAKOTA,2025,WHEAT,53.834693877551025
OHIO,2010,CORN,154.60120481927711
OHIO,2010,SOYBEANS,47.33875
OHIO,2010,WHEAT,58.512121212121215
OHIO,2011,CORN,147.85
OHIO,2011,SOYBEANS,46.97721518987341
OHIO,2011,WHEAT,52.75753424657535
OHIO,2012,CORN,118.3845238095238
OHIO,2012,SOYBEANS,43.81975308641975
OHIO,2012,WHEAT,64.3828125
OHIO,2013,CORN,165.55301204819276
OHIO,2013,SOYBEANS,48.66219512195122
OHIO,2013,WHEAT,67.84925373134328
OHIO,2014,CORN,166.93411764705883
OHIO,2014,SOYBEANS,50.802439024390246
OHIO,2014,WHEAT,69.1231884057971
OHIO,2015,CORN,148.23571428571427
OHIO,2015,SOYBEANS,47.61875
OHIO,2015,WHEAT,65.2486111111111
OHIO,2016,CORN,153.62073170731708
OHIO,2016,SOYBEANS,53.18974358974359
OHIO,2016,WHEAT,76.48695652173913
OHIO,2017,CORN,170.9963855421687
OHIO,2017,SOYBEANS,48.475
OHIO,2017,WHEAT,69.16486486486487
OHIO,2018,CORN,174.9506329113924
OHIO,2018,SOYBEANS,52.57142857142857
OHIO,2018,WHEAT,69.85
OHIO,2019,CORN,157.82432432432432
OHIO,2019,SOYBEANS,48.373333333333335
OHIO,2019,WHEAT,57.213846153846156
OHIO,2020,CORN,164.24285714285713
OHIO,2020,SOYBEANS,53.11566265060242
OHIO,2020,WHEAT,68.57761194029851
OHIO,2021,CORN,185.0873417721519
OHIO,2021,SOYBEANS,54.77297297297297
OHIO,2021,WHEAT,79.75901639344262
OHIO,2022,CORN,176.341975308642
OHIO,2022,SOYBEANS,53.341025641025645
OHIO,2022,WHEAT,76.48245614035088
OHIO,2023,CORN,190.42465753424656
OHIO,2023,SOYBEANS,56.241176470588236
OHIO,2023,WHEAT,86.63125
OHIO,2024,CORN,165.8313432835821
OHIO,2024,SOYBEANS,47.8609375
OHIO,2025,WHEAT,80.37931034482759
OKLAHOMA,2010,CORN,101.0074074074074
OKLAHOMA,2010,SOYBEANS,25.48181818181818
OKLAHOMA,2010,WHEAT,28.80925925925926
OKLAHOMA,2011,CORN,48.23478260869565
OKLAHOMA,2011,SOYBEANS,14.171428571428573
OKLAHOMA,2011,WHEAT,24.62857142857143
OKLAHOMA,2012,CORN,87.54545454545455
OKLAHOMA,2012,SOYBEANS,16.64
OKLAHOMA,2012,WHEAT,36.164912280701756
OKLAHOMA,2013,CORN,95.81379310344828
OKLAHOMA,2013,SOYBEANS,32.74333333333333
OKLAHOMA,2013,WHEAT,34.63636363636363
OKLAHOMA,2014,CORN,128.33939393939394
OKLAHOMA,2014,SOYBEANS,28.180555555555557
OKLAHOMA,2014,WHEAT,23.544444444444448
OKLAHOMA,2015,CORN,93.48636363636363
OKLAHOMA,2015,SOYBEANS,29.57586206896552
OKLAHOMA,2015,WHEAT,28.02
OKLAHOMA,2016,CORN,91.271875
OKLAHOMA,2016,SOYBEANS,30.77
OKLAHOMA,2016,WHEAT,39.110169491525426
OKLAHOMA,2017,CORN,99.94666666666667
OKLAHOMA,2017,SOYBEANS,35.521875
OKLAHOMA,2017,WHEAT,37.50727272727273
OKLAHOMA,2018,CORN,103.49000000000001
OKLAHOMA,2018,SOYBEANS,29.06
OKLAHOMA,2018,WHEAT,34.922222222222224
OKLAHOMA,2019,CORN,100.17083333333333
OKLAHOMA,2019,SOYBEANS,30.46551724137931
OKLAHOMA,2019,WHEAT,37.160714285714285
OKLAHOMA,2020,CORN,111.13103448275862
OKLAHOMA,2020,SOYBEANS,34.186206896551724
OKLAHOMA,2020,WHEAT,36.800000000000004
OKLAHOMA,2021,CORN,120.64642857142857
OKLAHOMA,2021,SOYBEANS,27.576470588235296
OKLAHOMA,2021,WHEAT,36.977777777777774
OKLAHOMA,2022,CORN,71.71538461538461
OKLAHOMA,2022,SOYBEANS,22.38695652173913
OKLAHOMA,2022,WHEAT,32.772222222222226
OKLAHOMA,2023,CORN,127.86500000000001
OKLAHOMA,2023,SOYBEANS,31.56
OKLAHOMA,2023,WHEAT,35.497727272727275
OKLAHOMA,2024,CORN,70.88000000000001
OKLAHOMA,2024,SOYBEANS,27.286956521739132
OKLAHOMA,2025,WHEAT,38.24146341463415
OREGON,2010,WHEAT,79.05714285714286
OREGON,2011,WHEAT,81.7258064516129
OREGON,2012,WHEAT,79.99333333333334
OREGON,2013,WHEAT,79.04705882352941
OREGON,2014,WHEAT,73.91153846153847
OREGON,2015,WHEAT,68.88064516129033
OREGON,2016,WHEAT,75.76875
OREGON,2017,WHEAT,64.01333333333334
OREGON,2018,WHEAT,66.65833333333333
OREGON,2019,WHEAT,95.96000000000001
OREGON,2020,WHEAT,85.74444444444445
OREGON,2021,WHEAT,82.94
OREGON,2022,WHEAT,83.62307692307692
OREGON,2023,WHEAT,87.28823529411765
OREGON,2025,WHEAT,89.55
PENNSYLVANIA,2010,CORN,72.33478260869565
PENNSYLVANIA,2010,SOYBEANS,40.98913043478261
PENNSYLVANIA,2010,WHEAT,53.15869565217392
PENNSYLVANIA,2011,CORN,62.898198198198195
PENNSYLVANIA,2011,SOYBEANS,43.31956521739131
PENNSYLVANIA,2011,WHEAT,47.617948717948714
PENNSYLVANIA,2012,CORN,77.16915887850467
PENNSYLVANIA,2012,SOYBEANS,45.33571428571429
PENNSYLVANIA,2012,WHEAT,58.14878048780488
PENNSYLVANIA,2013,CORN,84.41869158878504
PENNSYLVANIA,2013,SOYBEANS,46.445454545454545
PENNSYLVANIA,2013,WHEAT,63.28333333333334
PENNSYLVANIA,2014,CORN,92.72446808510638
PENNSYLVANIA,2014,SOYBEANS,46.462745098039214
PENNSYLVANIA,2014,WHEAT,60.63255813953488
PENNSYLVANIA,2015,CORN,79.80384615384615
PENNSYLVANIA,2015,SOYBEANS,41.16136363636363
PENNSYLVANIA,2015,WHEAT,59.5
PENNSYLVANIA,2016,CORN,82.25176470588235
PENNSYLVANIA,2016,SOYBEANS,42.535714285714285
PENNSYLVANIA,2016,WHEAT,64.44
PENNSYLVANIA,2017,CORN,101.85454545454546
PENNSYLVANIA,2017,SOYBEANS,44.888461538461534
PENNSYLVANIA,2018,CORN,94.84050632911392
PENNSYLVANIA,2018,SOYBEANS,42.97272727272727
PENNSYLVANIA,2019,CORN,100.11975308641975
PENNSYLVANIA,2019,SOYBEANS,47.4
PENNSYLVANIA,2020,CORN,78.872
PENNSYLVANIA,2020,SOYBEANS,43.9695652173913
PENNSYLVANIA,2021,CORN,105.37032967032968
PENNSYLVANIA,2021,SOYBEANS,51.74
PENNSYLVANIA,2022,CORN,80.44329896907216
PENNSYLVANIA,2022,SOYBEANS,42.0625
PENNSYLVANIA,2023,CORN,104.27558139534885
PENNSYLVANIA,2023,SOYBEANS,46.85531914893617
PENNSYLVANIA,2024,CORN,94.38139534883722
PENNSYLVANIA,2024,SOYBEANS,44.29565217391304
PENNSYLVANIA,2025,WHEAT,67.8025641025641
SOUTH CAROLINA,2010,CORN,74.21818181818182
SOUTH CAROLINA,2010,SOYBEANS,22.5
SOUTH CAROLINA,2010,WHEAT,33.310344827586206
SOUTH CAROLINA,2011,CORN,63.85
SOUTH CAROLINA,2011,SOYBEANS,22.573529411764707
SOUTH CAROLINA,2011,WHEAT,54.17741935483871
SOUTH CAROLINA,2012,CORN,107.40882352941176
SOUTH CAROLINA,2012,SOYBEANS,31.805714285714288
SOUTH CAROLINA,2012,WHEAT,48.225
SOUTH CAROLINA,2013,CORN,123.2030303030303
SOUTH CAROLINA,2013,SOYBEANS,28.68857142857143
SOUTH CAROLINA,2013,WHEAT,52.64705882352941
SOUTH CAROLINA,2014,CORN,112.54411764705883
SOUTH CAROLINA,2014,SOYBEANS,34.04857142857143
SOUTH CAROLINA,2014,WHEAT,50.60294117647059
SOUTH CAROLINA,2015,CORN,90.090625
SOUTH CAROLINA,2015,SOYBEANS,27.493939393939396
SOUTH CAROLINA,2015,WHEAT,43.142857142857146
SOUTH CAROLINA,2016,CORN,110.72857142857143
SOUTH CAROLINA,2016,SOYBEANS,28.653333333333332
SOUTH CAROLINA,2016,WHEAT,41.935
SOUTH CAROLINA,2017,CORN,131.14814814814815
SOUTH CAROLINA,2017,SOYBEANS,36.475
SOUTH CAROLINA,2018,CORN,119.68928571428572
SOUTH CAROLINA,2018,SOYBEANS,32.34
SOUTH CAROLINA,2019,CORN,100.2
SOUTH CAROLINA,2019,SOYBEANS,22.49642857142857
SOUTH CAROLINA,2020,CORN,123.72
SOUTH CAROLINA,2020,SOYBEANS,36.736
SOUTH CAROLINA,2021,CORN,130.8148148148148
SOUTH CAROLINA,2021,SOYBEANS,38.11538461538461
SOUTH CAROLINA,2022,CORN,106.42592592592592
SOUTH CAROLINA,2022,SOYBEANS,35.06
SOUTH CAROLINA,2023,CORN,137.548
SOUTH CAROLINA,2023,SOYBEANS,39.81153846153846
SOUTH CAROLINA,2024,CORN,87.38275862068966
SOUTH CAROLINA,2024,SOYBEANS,31.666666666666668
SOUTH DAKOTA,2010,CORN,118.54262295081968
SOUTH DAKOTA,2010,SOYBEANS,35.675925925925924
SOUTH DAKOTA,2010,WHEAT,47.36222222222223
SOUTH DAKOTA,2011,CORN,118.15645161290323
SOUTH DAKOTA,2011,SOYBEANS,36.251020408163264
SOUTH DAKOTA,2011,WHEAT,40.23797468354431
SOUTH DAKOTA,2012,CORN,85.80344827586208
SOUTH DAKOTA,2012,SOYBEANS,28.146938775510204
SOUTH DAKOTA,2012,WHEAT,47.00273972602739
SOUTH DAKOTA,2013,CORN,124.23898305084747
SOUTH DAKOTA,2013,SOYBEANS,40.80227272727273
SOUTH DAKOTA,2013,WHEAT,45.91
SOUTH DAKOTA,2014,CORN,134.00175438596492
SOUTH DAKOTA,2014,SOYBEANS,45.21395348837209
SOUTH DAKOTA,2014,WHEAT,57.7
SOUTH DAKOTA,2015,CORN,148.91521739130437
SOUTH DAKOTA,2015,SOYBEANS,45.3825
SOUTH DAKOTA,2015,WHEAT,52.9140350877193
SOUTH DAKOTA,2016,CORN,151.1078431372549
SOUTH DAKOTA,2016,SOYBEANS,48.97111111111111
SOUTH DAKOTA,2016,WHEAT,58.95483870967742
SOUTH DAKOTA,2017,CORN,134.74081632653062
SOUTH DAKOTA,2017,SOYBEANS,43.383720930232556
SOUTH DAKOTA,2017,WHEAT,46.43833333333334
SOUTH DAKOTA,2018,CORN,148.24423076923077
SOUTH DAKOTA,2018,SOYBEANS,45.135555555555555
SOUTH DAKOTA,2018,WHEAT,48.469811320754715
SOUTH DAKOTA,2019,CORN,142.9516129032258
SOUTH DAKOTA,2019,SOYBEANS,43.88
SOUTH DAKOTA,2019,WHEAT,50.4
SOUTH DAKOTA,2020,CORN,146.02033898305086
SOUTH DAKOTA,2020,SOYBEANS,43.28333333333334
SOUTH DAKOTA,2020,WHEAT,54.09411764705883
SOUTH DAKOTA,2021,CORN,119.07551020408162
SOUTH DAKOTA,2021,SOYBEANS,39.126315789473686
SOUTH DAKOTA,2021,WHEAT,42.42941176470588
SOUTH DAKOTA,2022,CORN,122.2622641509434
SOUTH DAKOTA,2022,SOYBEANS,37.773809523809526
SOUTH DAKOTA,2022,WHEAT,53.82586206896552
SOUTH DAKOTA,2023,CORN,145.27
SOUTH DAKOTA,2023,SOYBEANS,43.359375
SOUTH DAKOTA,2023,WHEAT,48.36451612903225
SOUTH DAKOTA,2024,CORN,154.87142857142857
SOUTH DAKOTA,2024,SOYBEANS,42.41621621621622
SOUTH DAKOTA,2025,WHEAT,54.88399999999999
TENNESSEE,2010,CORN,109.09014084507042
TENNESSEE,2010,SOYBEANS,33.0015873015873
TENNESSEE,2010,WHEAT,49.665853658536584
TENNESSEE,2011,CORN,124.44615384615385
TENNESSEE,2011,SOYBEANS,31.498360655737706
TENNESSEE,2011,WHEAT,65.6906976744186
TENNESSEE,2012,CORN,80.3060606060606
TENNESSEE,2012,SOYBEANS,41.716393442622945
TENNESSEE,2012,WHEAT,59.375
TENNESSEE,2013,CORN,152.69830508474578
TENNESSEE,2013,SOYBEANS,46.1313725490196
TENNESSEE,2013,WHEAT,65.07234042553192
TENNESSEE,2014,CORN,160.8311475409836
TENNESSEE,2014,SOYBEANS,47.30806451612903
TENNESSEE,2014,WHEAT,64.31904761904762
TENNESSEE,2015,CORN,155.5566037735849
TENNESSEE,2015,SOYBEANS,46.9483870967742
TENNESSEE,2015,WHEAT,65.53823529411765
TENNESSEE,2016,CORN,136.43934426229507
TENNESSEE,2016,SOYBEANS,43.34666666666667
TENNESSEE,2016,WHEAT,70.47777777777777
TENNESSEE,2017,CORN,161.42058823529413
TENNESSEE,2017,SOYBEANS,50.35166666666667
TENNESSEE,2017,WHEAT,66.95428571428572
TENNESSEE,2018,CORN,164.1238095238095
TENNESSEE,2018,SOYBEANS,46.66
TENNESSEE,2018,WHEAT,62.04705882352941
TENNESSEE,2019,CORN,167.43809523809526
TENNESSEE,2019,SOYBEANS,45.2078431372549
TENNESSEE,2019,WHEAT,64.36
TENNESSEE,2020,CORN,161.3242424242424
TENNESSEE,2020,SOYBEANS,51.098412698412695
TENNESSEE,2020,WHEAT,59.612500000000004
TENNESSEE,2021,CORN,164.5686274509804
TENNESSEE,2021,SOYBEANS,50.5
TENNESSEE,2021,WHEAT,67.58571428571429
TENNESSEE,2022,CORN,138.7892857142857
TENNESSEE,2022,SOYBEANS,49.303773584905656
TENNESSEE,2022,WHEAT,70.7125
TENNESSEE,2023,CORN,172.9686274509804
TENNESSEE,2023,SOYBEANS,51.96
TENNESSEE,2023,WHEAT,79.22333333333333
TENNESSEE,2024,CORN,133.80975609756098
TENNESSEE,2024,SOYBEANS,40.174358974358974
TENNESSEE,2025,WHEAT,70.78333333333333
TEXAS,2010,CORN,111.54013605442178
TEXAS,2010,SOYBEANS,35.3
TEXAS,2010,WHEAT,35.109913793103445
TEXAS,2011,CORN,70.24077669902913
TEXAS,2011,SOYBEANS,20.685714285714287
TEXAS,2011,WHEAT,24.424257425742574
TEXAS,2012,CORN,100.6953125
TEXAS,2012,SOYBEANS,28.240000000000002
TEXAS,2012,WHEAT,34.6494623655914
TEXAS,2013,CORN,108.6
TEXAS,2013,SOYBEANS,24.41818181818182
TEXAS,2013,WHEAT,30.182352941176468
TEXAS,2014,CORN,118.09836065573771
TEXAS,2014,SOYBEANS,39.415
TEXAS,2014,WHEAT,30.981502890173413
TEXAS,2015,CORN,101.15384615384616
TEXAS,2015,SOYBEANS,22.84444444444445
TEXAS,2015,WHEAT,29.95885416666667
TEXAS,2016,CORN,105.10806451612903
TEXAS,2016,SOYBEANS,29.821428571428573
TEXAS,2016,WHEAT,32.359740259740256
TEXAS,2017,CORN,125.26173913043479
TEXAS,2017,SOYBEANS,34.199999999999996
TEXAS,2017,WHEAT,30.26388888888889
TEXAS,2018,CORN,91.80841121495327
TEXAS,2018,SOYBEANS,29.339999999999996
TEXAS,2018,WHEAT,32.92058823529412
TEXAS,2019,CORN,118.10757575757576
TEXAS,2019,SOYBEANS,31.666666666666668
TEXAS,2019,WHEAT,36.42328767123288
TEXAS,2020,CORN,113.015
TEXAS,2020,SOYBEANS,35.125
TEXAS,2020,WHEAT,30.661627906976744
TEXAS,2021,CORN,115.75964912280702
TEXAS,2021,SOYBEANS,36.957142857142856
TEXAS,2021,WHEAT,37.946913580246914
TEXAS,2022,CORN,80.656
TEXAS,2022,SOYBEANS,19.785714285714285
TEXAS,2022,WHEAT,30.747457627118642
TEXAS,2023,CORN,115.17906976744186
TEXAS,2023,SOYBEANS,24.52857142857143
TEXAS,2023,WHEAT,40.358000000000004
TEXAS,2024,CORN,101.8625
TEXAS,2024,SOYBEANS,41.75
TEXAS,2025,WHEAT,39.475
VIRGINIA,2010,CORN,71.55441176470588
VIRGINIA,2010,SOYBEANS,27.254
VIRGINIA,2010,WHEAT,49.91555555555555
VIRGINIA,2011,CORN,110.43709677419355
VIRGINIA,2011,SOYBEANS,39.62777777777778
VIRGINIA,2011,WHEAT,70.12244897959184
VIRGINIA,2012,CORN,98.96333333333334
VIRGINIA,2012,SOYBEANS,41.683018867924524
VIRGINIA,2012,WHEAT,61.51489361702127
VIRGINIA,2013,CORN,148.27321428571426
VIRGINIA,2013,SOYBEANS,39.37543859649123
VIRGINIA,2013,WHEAT,57.01363636363636
VIRGINIA,2014,CORN,141.94500000000002
VIRGINIA,2014,SOYBEANS,40.230000000000004
VIRGINIA,2014,WHEAT,64.92307692307692
VIRGINIA,2015,CORN,149.26415094339623
VIRGINIA,2015,SOYBEANS,35.211363636363636
VIRGINIA,2015,WHEAT,64.11951219512196
VIRGINIA,2016,CORN,142.26785714285714
VIRGINIA,2016,SOYBEANS,36.148
VIRGINIA,2016,WHEAT,53.43255813953488
VIRGINIA,2017,CORN,130.6156862745098
VIRGINIA,2017,SOYBEANS,43.70399999999999
VIRGINIA,2017,WHEAT,64.74878048780488
VIRGINIA,2018,CORN,140.518
VIRGINIA,2018,SOYBEANS,42.82888888888889
VIRGINIA,2018,WHEAT,55.8625
VIRGINIA,2019,CORN,139.77391304347827
VIRGINIA,2019,SOYBEANS,33.65853658536585
VIRGINIA,2019,WHEAT,60.004999999999995
VIRGINIA,2020,CORN,121.52857142857142
VIRGINIA,2020,SOYBEANS,42.736538461538466
VIRGINIA,2020,WHEAT,59.5578947368421
VIRGINIA,2021,CORN,155.92291666666668
VIRGINIA,2021,SOYBEANS,46.26470588235294
VIRGINIA,2021,WHEAT,66.17941176470588
VIRGINIA,2022,CORN,159.61063829787233
VIRGINIA,2022,SOYBEANS,43.92040816326531
VIRGINIA,2022,WHEAT,68.83939393939393
VIRGINIA,2023,CORN,153.095
VIRGINIA,2023,SOYBEANS,37.62380952380953
VIRGINIA,2023,WHEAT,76.32333333333332
VIRGINIA,2024,CORN,111.12941176470588
VIRGINIA,2024,SOYBEANS,44.565
VIRGINIA,2025,WHEAT,63.98181818181818
WASHINGTON,2010,CORN,215.4
WASHINGTON,2010,WHEAT,62.52972972972973
WASHINGTON,2011,CORN,225.70000000000002
WASHINGTON,2011,WHEAT,69.6875
WASHINGTON,2012,CORN,214.51666666666665
WASHINGTON,2012,WHEAT,61.43421052631579
WASHINGTON,2013,CORN,216.05
WASHINGTON,2013,WHEAT,63.77352941176471
WASHINGTON,2014,CORN,213.85
WASHINGTON,2014,WHEAT,48.90857142857143
WASHINGTON,2015,CORN,218.4
WASHINGTON,2015,WHEAT,47.97272727272727
WASHINGTON,2016,WHEAT,63.55925925925926
WASHINGTON,2017,CORN,225.11666666666667
WASHINGTON,2017,WHEAT,58.832142857142856
WASHINGTON,2018,CORN,207.525
WASHINGTON,2018,WHEAT,66.51666666666667
WASHINGTON,2019,CORN,246.4
WASHINGTON,2019,WHEAT,58.91612903225807
WASHINGTON,2020,CORN,222.84
WASHINGTON,2020,WHEAT,63.88666666666666
WASHINGTON,2021,CORN,232.11999999999998
WASHINGTON,2021,WHEAT,39.809375
WASHINGTON,2022,CORN,185.08333333333334
WASHINGTON,2022,WHEAT,54.28636363636363
WASHINGTON,2023,CORN,235.06
WASHINGTON,2023,WHEAT,48.153571428571425
WASHINGTON,2024,CORN,230.075
WASHINGTON,2025,WHEAT,53.85217391304347
WEST VIRGINIA,2010,CORN,98.1
WEST VIRGINIA,2010,SOYBEANS,31.133333333333336
WEST VIRGINIA,2010,WHEAT,46.8
WEST VIRGINIA,2011,CORN,119.38125
WEST VIRGINIA,2011,SOYBEANS,43.18333333333334
WEST VIRGINIA,2011,WHEAT,52.73333333333333
WEST VIRGINIA,2012,CORN,128.01764705882354
WEST VIRGINIA,2012,SOYBEANS,50.18
WEST VIRGINIA,2012,WHEAT,57.43333333333334
WEST VIRGINIA,2013,CORN,141.8722222222222
WEST VIRGINIA,2013,SOYBEANS,47.71666666666667
WEST VIRGINIA,2013,WHEAT,46.06666666666666
WEST VIRGINIA,2014,CORN,142.76000000000002
WEST VIRGINIA,2014,SOYBEANS,49.78333333333333
WEST VIRGINIA,2014,WHEAT,55.666666666666664
WEST VIRGINIA,2015,CORN,140.15384615384616
WEST VIRGINIA,2015,SOYBEANS,45.18333333333334
WEST VIRGINIA,2015,WHEAT,53.333333333333336
WEST VIRGINIA,2016,CORN,138.42000000000002
WISCONSIN,2010,CORN,85.3916030534351
WISCONSIN,2010,SOYBEANS,48.01746031746032
WISCONSIN,2010,WHEAT,59.06153846153846
WISCONSIN,2011,CORN,86.53140495867768
WISCONSIN,2011,SOYBEANS,43.83125
WISCONSIN,2011,WHEAT,60.13333333333333
WISCONSIN,2012,CORN,72.49752066115703
WISCONSIN,2012,SOYBEANS,41.08
WISCONSIN,2012,WHEAT,69.36
WISCONSIN,2013,CORN,90.37058823529411
WISCONSIN,2013,SOYBEANS,36.00322580645161
WISCONSIN,2013,WHEAT,53.34444444444444
WISCONSIN,2014,CORN,88.96260869565218
WISCONSIN,2014,SOYBEANS,40.60645161290322
WISCONSIN,2014,WHEAT,61.27872340425532
WISCONSIN,2015,CORN,99.41904761904762
WISCONSIN,2015,SOYBEANS,47.208333333333336
WISCONSIN,2015,WHEAT,71.21621621621621
WISCONSIN,2016,CORN,107.40865384615384
WISCONSIN,2016,SOYBEANS,52.87049180327869
WISCONSIN,2016,WHEAT,75.3742857142857
WISCONSIN,2017,CORN,104.01960784313725
WISCONSIN,2017,SOYBEANS,45.195
WISCONSIN,2017,WHEAT,66.06136363636364
WISCONSIN,2018,CORN,103.96224489795918
WISCONSIN,2018,SOYBEANS,45.728846153846156
WISCONSIN,2018,WHEAT,67.41025641025641
WISCONSIN,2019,CORN,104.64021739130435
WISCONSIN,2019,SOYBEANS,44.32
WISCONSIN,2019,WHEAT,61.425714285714285
WISCONSIN,2020,CORN,92.6578125
WISCONSIN,2020,SOYBEANS,49.189230769230775
WISCONSIN,2020,WHEAT,65.91219512195123
WISCONSIN,2021,CORN,97.48682170542635
WISCONSIN,2021,SOYBEANS,52.47230769230769
WISCONSIN,2021,WHEAT,71.3076923076923
WISCONSIN,2022,CORN,96.37209302325581
WISCONSIN,2022,SOYBEANS,50.8203125
WISCONSIN,2022,WHEAT,75.83823529411765
WISCONSIN,2023,CORN,96.57213114754097
WISCONSIN,2023,SOYBEANS,48.288709677419355
WISCONSIN,2023,WHEAT,72.55135135135136
WISCONSIN,2024,CORN,91.64117647058823
WISCONSIN,2024,SOYBEANS,44.26896551724138
WISCONSIN,2025,WHEAT,71.4425
WYOMING,2010,CORN,121.35000000000001
WYOMING,2010,WHEAT,32.18571428571428
WYOMING,2011,CORN,125.55555555555556
WYOMING,2011,WHEAT,30.957142857142856
WYOMING,2012,CORN,145.13333333333333
WYOMING,2012,WHEAT,25.016666666666666
WYOMING,2013,CORN,132.74285714285713
WYOMING,2013,WHEAT,21.5
WYOMING,2014,CORN,133.55714285714285
WYOMING,2014,WHEAT,34.67142857142857
WYOMING,2015,CORN,158.35
WYOMING,2015,WHEAT,32.05714285714286
WYOMING,2016,CORN,140.96666666666667
WYOMING,2016,WHEAT,32.9
